,Age,Credit,Name_Andrea,Name_John,Name_Linda,Name_Meg,Name_Peter,Name_Rose
0,37.0,216.66666666666666,0.0,1.0,0.0,0.0,0.0,0.0
1,23.0,400.0,1.0,0.0,0.0,0.0,0.0,0.0
2,25.0,216.66666666666666,0.0,0.0,0.0,0.0,0.0,1.0
3,50.0,50.0,0.0,0.0,1.0,0.0,0.0,0.0
4,37.0,200.0,0.0,0.0,0.0,0.0,1.0,0.0
5,50.0,216.66666666666666,0.0,0.0,0.0,1.0,0.0,0.0
